{
	"pattrstorage" : 	{
		"name" : "hoa.space",
		"slots" : 		{
			"1" : 			{
				"id" : 1,
				"data" : 				{
					"hoaspace" : [ 1.0, 0.0, 0.0, 0.0, 0.0, 0.0, 0.0, 0.0, 0.0, 0.0, 0.0, 0.0, 0.0, 0.0, 0.0, 0.0 ]
				}

			}
,
			"2" : 			{
				"id" : 2,
				"data" : 				{
					"hoaspace" : [ 1.0, 1.0, 1.0, 0.91826, 0.940691, 0.0, 0.0, 0.0, 0.0, 0.0, 0.0, 0.0, 0.968724, 0.980202, 1.0, 1.0 ]
				}

			}
,
			"3" : 			{
				"id" : 3,
				"data" : 				{
					"hoaspace" : [ 1.0, 0.0, 1.0, 0.0, 1.0, 0.0, 0.0, 1.0, 0.0, 1.0, 0.0, 1.0, 0.0, 0.0, 1.0, 0.0 ]
				}

			}
,
			"4" : 			{
				"id" : 4,
				"data" : 				{
					"hoaspace" : [ 0.016199, 0.985597, 0.016199, 0.985597, 0.001795, 0.016199, 0.985597, 0.016199, 0.985597, 0.016199, 0.985597, 0.001795, 0.016199, 0.985597, 0.016199, 0.985597 ]
				}

			}
,
			"5" : 			{
				"id" : 5,
				"data" : 				{
					"hoaspace" : [ 1.0, 1.0, 1.0, 1.0, 1.0, 1.0, 1.0, 1.0, 1.0, 1.0, 1.0, 1.0, 1.0, 1.0, 1.0, 1.0 ]
				}

			}
,
			"6" : 			{
				"id" : 6,
				"data" : 				{
					"hoaspace" : [ 0.003258, 0.003258, 0.003258, 0.003258, 0.003258, 0.003258, 0.003258, 0.022258, 1.0, 0.003258, 0.003258, 0.003258, 0.003258, 0.003258, 0.003258, 0.003258 ]
				}

			}
,
			"7" : 			{
				"id" : 7,
				"data" : 				{
					"hoaspace" : [ 1.0, 0.574095, 0.574095, 1.0, 0.574095, 0.574095, 0.574095, 0.593095, 1.0, 0.574095, 0.574095, 0.574095, 0.574095, 1.0, 0.574095, 0.574095 ]
				}

			}
,
			"8" : 			{
				"id" : 8,
				"data" : 				{
					"hoaspace" : [ 0.989849, 0.584721, 0.574095, 0.574095, 0.574095, 0.989375, 0.584721, 0.574095, 0.989375, 0.584721, 0.574095, 0.989375, 0.584721, 0.574095, 0.574095, 0.592621 ]
				}

			}
,
			"9" : 			{
				"id" : 9,
				"data" : 				{
					"hoaspace" : [ 0.0, 0.0, 0.0, 0.0, 0.0, 0.0, 0.0, 0.0, 0.0, 0.0, 0.0, 0.0, 0.0, 0.0, 0.0, 1.0 ]
				}

			}
,
			"10" : 			{
				"id" : 10,
				"data" : 				{
					"hoaspace" : [ 0.080266, 0.080266, 0.080266, 0.080266, 0.080266, 0.080266, 0.080266, 0.325077, 0.480562, 0.620396, 0.635249, 0.880354, 1.0, 0.080266, 0.080266, 0.080266 ]
				}

			}
,
			"11" : 			{
				"id" : 11,
				"data" : 				{
					"hoaspace" : [ 0.0, 0.0, 1.0, 1.0, 1.0, 1.0, 1.0, 0.81051, 0.182886, 0.0, 0.0, 0.0, 0.0, 0.0, 0.0, 0.0 ]
				}

			}
,
			"12" : 			{
				"id" : 12,
				"data" : 				{
					"hoaspace" : [ 1.0, 1.0, 1.0, 1.0, 1.0, 1.0, 0.907706, 0.141014, 0.182886, 0.0, 0.0, 0.0, 0.0, 1.0, 1.0, 1.0 ]
				}

			}
,
			"13" : 			{
				"id" : 13,
				"data" : 				{
					"hoaspace" : [ 1.0, 1.0, 1.0, 1.0, 1.0, 1.0, 1.0, 1.0, 1.0, 1.0, 1.0, 1.0, 1.0, 1.0, 1.0, 1.0 ]
				}

			}
,
			"14" : 			{
				"id" : 14,
				"data" : 				{
					"hoaspace" : [ 0.0, 1.0, 0.0, 0.0, 0.0, 0.0, 0.0, 0.0, 0.0, 0.003446, 0.0, 0.0, 0.0, 0.0, 0.0, 1.0 ]
				}

			}
,
			"15" : 			{
				"id" : 15,
				"data" : 				{
					"hoaspace" : [ 1.0, 0.0, 0.0, 0.0, 0.0, 0.0, 0.0, 0.0, 0.0, 0.003446, 0.0, 0.0, 0.0, 0.0, 0.994083, 0.0 ]
				}

			}
,
			"16" : 			{
				"id" : 16,
				"data" : 				{
					"hoaspace" : [ 0.0, 0.0, 0.0, 0.0, 0.0, 0.0, 0.0, 0.0, 0.0, 0.003446, 0.0, 0.0, 0.0, 0.0, 0.994083, 0.954235 ]
				}

			}
,
			"17" : 			{
				"id" : 17,
				"data" : 				{
					"hoaspace" : [ 0.0, 0.0, 0.0, 0.0, 0.0, 0.0, 0.0, 0.0, 0.0, 0.003446, 0.0, 0.0, 0.0, 1.0, 0.0, 0.954235 ]
				}

			}
,
			"18" : 			{
				"id" : 18,
				"data" : 				{
					"hoaspace" : [ 0.0, 0.0, 0.0, 0.0, 0.0, 0.0, 0.0, 0.0, 0.0, 0.003446, 0.0, 0.0, 0.0, 0.0, 0.0, 0.0 ]
				}

			}
,
			"19" : 			{
				"id" : 19,
				"data" : 				{
					"hoaspace" : [ 1.0, 0.0, 0.0, 0.0, 0.0, 0.0, 0.0, 0.0, 0.0, 0.0, 0.0, 0.0, 0.0, 0.0, 0.0, 0.0 ]
				}

			}
,
			"20" : 			{
				"id" : 20,
				"data" : 				{
					"hoaspace" : [ 1.0, 0.0, 0.0, 0.0, 0.0, 0.0, 0.0, 0.0, 0.0, 0.0, 0.0, 0.0, 0.0, 0.0, 0.0, 0.0 ]
				}

			}

		}

	}

}
