{
	"pattrstorage" : 	{
		"name" : "testRecomposer",
		"slots" : 		{
			"1" : 			{
				"id" : 1,
				"data" : 				{
					"hoarecomposer" : [ 1.0, 0.0, 1.0, 0.92388, 0.382683, 1.0, 0.707107, 0.707107, 1.0, 0.382683, 0.92388, 1.0, 0.0, 1.0, 1.0, -0.382683, 0.92388, 1.0, -0.707107, 0.707107, 1.0, -0.92388, 0.382683, 1.0, -1.0, 0.0, 1.0, -0.92388, -0.382683, 1.0, -0.707107, -0.707107, 1.0, -0.382683, -0.92388, 1.0, -0.0, -1.0, 1.0, 0.382683, -0.92388, 1.0, 0.707107, -0.707107, 1.0, 0.92388, -0.382683, 1.0 ]
				}

			}
,
			"2" : 			{
				"id" : 2,
				"data" : 				{
					"hoarecomposer" : [ 0.998146, -0.060868, 1.0, 0.985982, 0.166853, 1.0, 0.922542, 0.385896, 1.0, 0.811126, 0.584871, 1.0, 0.657528, 0.75343, 1.0, 0.469735, 0.882807, 1.0, 0.257514, 0.966275, 1.0, 0.031901, 0.999491, 1.0, -0.313092, -0.949723, 1.0, -0.089783, -0.995961, 1.0, 0.138194, -0.990405, 1.0, 0.358985, -0.933343, 1.0, 0.561107, -0.827744, 1.0, 0.734048, -0.679097, 1.0, 0.868816, -0.495135, 1.0, 0.958402, -0.285423, 1.0 ]
				}

			}
,
			"3" : 			{
				"id" : 3,
				"data" : 				{
					"hoarecomposer" : [ -0.541898, 0.840444, 1.0, -0.718217, 0.695819, 1.0, -0.857185, 0.515009, 1.0, -0.951575, 0.307415, 1.0, -0.99648, 0.083835, 1.0, -0.989562, -0.144105, 1.0, -0.931183, -0.364551, 1.0, -0.824378, -0.566039, 1.0, 0.950749, 0.309962, 1.0, 0.855803, 0.517302, 1.0, 0.716351, 0.69774, 1.0, 0.539646, 0.841892, 1.0, 0.334877, 0.942262, 1.0, 0.112693, 0.99363, 1.0, -0.115352, 0.993325, 1.0, -0.337398, 0.941362, 1.0 ]
				}

			}
,
			"4" : 			{
				"id" : 4,
				"data" : 				{
					"hoarecomposer" : [ 0.644822, 0.764333, 0.319189, 0.454889, 0.890548, 0.319189, -0.857185, 0.515009, 0.415023, -0.951575, 0.307415, 0.415023, -0.99648, 0.083835, 0.415023, -0.989562, -0.144105, 0.415023, -0.931183, -0.364551, 0.415023, -0.824378, -0.566039, 0.415023, 0.574886, -0.818233, 0.319189, 0.745315, -0.666712, 0.319189, 0.876984, -0.480519, 0.319189, 0.963046, -0.269337, 0.319189, 0.999025, -0.044148, 0.319189, 0.98305, 0.183337, 0.319189, 0.915952, 0.401288, 0.319189, 0.80122, 0.598369, 0.319189 ]
				}

			}
,
			"5" : 			{
				"id" : 5,
				"data" : 				{
					"hoarecomposer" : [ 0.72305, -0.690795, 0.990635, 0.774295, -0.632825, 0.990635, -0.669451, -0.742856, 0.990635, -0.610013, -0.792391, 0.990635, -0.546924, -0.837183, 0.990635, -0.480559, -0.876962, 0.990635, -0.411318, -0.911492, 0.990635, -0.339615, -0.940565, 0.990635, 0.187943, -0.98218, 0.990635, 0.263318, -0.964709, 0.990635, 0.337117, -0.941463, 0.990635, 0.408897, -0.91258, 0.990635, 0.47823, -0.878235, 0.990635, 0.544699, -0.838631, 0.990635, 0.607908, -0.794008, 0.990635, 0.667477, -0.74463, 0.990635 ]
				}

			}
,
			"6" : 			{
				"id" : 6,
				"data" : 				{
					"hoarecomposer" : [ 1.0, 0.0, 1.0, 0.92388, 0.382683, 1.0, 0.707107, 0.707107, 1.0, 0.382683, 0.92388, 1.0, 0.0, 1.0, 1.0, -0.382683, 0.92388, 1.0, -0.707107, 0.707107, 1.0, -0.92388, 0.382683, 1.0, -1.0, 0.0, 1.0, -0.92388, -0.382683, 1.0, -0.707107, -0.707107, 1.0, -0.382683, -0.92388, 1.0, -0.0, -1.0, 1.0, 0.382683, -0.92388, 1.0, 0.707107, -0.707107, 1.0, 0.92388, -0.382683, 1.0 ]
				}

			}

		}

	}

}
