{
	"pattrstorage" : 	{
		"name" : "space",
		"slots" : 		{
			"1" : 			{
				"id" : 1,
				"data" : 				{
					"hoaspace" : [ 0.0, 0.0, 0.0, 0.0, 0.0, 0.0, 0.0, 0.0, 0.0, 0.0, 0.0, 0.0, 0.0, 0.0, 0.0, 0.0 ]
				}

			}
,
			"2" : 			{
				"id" : 2,
				"data" : 				{
					"hoaspace" : [ 1.0, 1.0, 1.0, 1.0, 1.0, 1.0, 1.0, 1.0, 1.0, 1.0, 1.0, 1.0, 1.0, 1.0, 1.0, 1.0 ]
				}

			}
,
			"3" : 			{
				"id" : 3,
				"data" : 				{
					"hoaspace" : [ 0.0, 1.0, 1.0, 1.0, 1.0, 1.0, 1.0, 1.0, 1.0, 1.0, 1.0, 1.0, 1.0, 1.0, 1.0, 1.0 ]
				}

			}
,
			"4" : 			{
				"id" : 4,
				"data" : 				{
					"hoaspace" : [ 0.0, 0.0, 0.002227, 1.0, 1.0, 1.0, 1.0, 1.0, 1.0, 1.0, 1.0, 1.0, 1.0, 1.0, 0.0, 0.0 ]
				}

			}
,
			"5" : 			{
				"id" : 5,
				"data" : 				{
					"hoaspace" : [ 0.0, 0.0, 0.002227, 1.0, 1.0, 1.0, 1.0, 0.0, 0.0, 0.0, 1.0, 1.0, 1.0, 1.0, 0.0, 0.0 ]
				}

			}
,
			"6" : 			{
				"id" : 6,
				"data" : 				{
					"hoaspace" : [ 0.008642, 0.0, 0.0, 0.0, 0.002208, 0.991377, 1.0, 1.0, 1.0, 0.008642, 0.0, 0.0, 0.991358, 1.0, 1.0, 1.0 ]
				}

			}
,
			"7" : 			{
				"id" : 7,
				"data" : 				{
					"hoaspace" : [ 1.0, 1.0, 0.008695, 0.0, 0.0, 0.0, 0.002208, 0.0, 1.0, 1.0, 1.0, 0.008695, 0.0, 0.0, 0.991305, 1.0 ]
				}

			}
,
			"8" : 			{
				"id" : 8,
				"data" : 				{
					"hoaspace" : [ 0.0, 0.0, 0.0, 0.0, 0.000008, 0.0, 0.0, 0.002206, 0.000002, 0.999091, 1.0, 1.0, 0.009596, 0.000008, 0.0, 0.990404 ]
				}

			}
,
			"9" : 			{
				"id" : 9,
				"data" : 				{
					"hoaspace" : [ 0.0, 0.0, 0.0, 0.0, 0.0, 0.000008, 0.0, 0.000024, 0.002181, 0.010937, 0.999101, 1.0, 0.98916, 0.009492, 0.000008, 0.01084 ]
				}

			}
,
			"10" : 			{
				"id" : 10,
				"data" : 				{
					"hoaspace" : [ 0.98818, 0.009482, 0.000019, 0.0, 0.0, 0.0, 0.0, 0.0, 0.0, 0.000008, 0.0, 0.000026, 0.00219, 0.011926, 0.999102, 0.999989 ]
				}

			}
,
			"11" : 			{
				"id" : 11,
				"data" : 				{
					"hoaspace" : [ 0.99996, 0.985772, 0.009459, 0.000019, 0.0, 0.0, 0.0, 0.0, 0.0, 0.0, 0.000008, 0.0, 0.000032, 0.002214, 0.014354, 0.999104 ]
				}

			}
,
			"12" : 			{
				"id" : 12,
				"data" : 				{
					"hoaspace" : [ 0.998112, 0.999959, 0.985786, 0.010442, 0.000029, 0.0, 0.0, 0.0, 0.998993, 1.0, 1.0, 0.001016, 0.0, 0.000032, 0.002212, 0.014342 ]
				}

			}
,
			"13" : 			{
				"id" : 13,
				"data" : 				{
					"hoaspace" : [ 0.998112, 1.0, 1.0, 0.260721, 0.224974, 1.0, 0.253677, 0.238686, 0.998993, 1.0, 1.0, 0.38014, 0.37648, 0.260721, 0.339785, 0.356959 ]
				}

			}
,
			"14" : 			{
				"id" : 14,
				"data" : 				{
					"hoaspace" : [ 0.260794, 0.339801, 0.357552, 0.998113, 1.0, 0.999316, 0.260688, 0.225691, 0.99931, 0.253663, 0.239389, 0.998994, 1.0, 0.999427, 0.380137, 0.376373 ]
				}

			}
,
			"15" : 			{
				"id" : 15,
				"data" : 				{
					"hoaspace" : [ 1.0, 1.0, 1.0, 0.998113, 1.0, 0.999316, 0.260688, 0.225691, 0.99931, 0.253663, 0.239389, 0.998994, 1.0, 0.999427, 1.0, 1.0 ]
				}

			}
,
			"16" : 			{
				"id" : 16,
				"data" : 				{
					"hoaspace" : [ 0.999965, 0.999462, 1.0, 1.0, 1.0, 1.0, 0.999883, 0.99823, 0.999958, 0.953623, 0.258523, 0.273549, 0.953182, 0.25278, 0.28638, 0.999056 ]
				}

			}
,
			"17" : 			{
				"id" : 17,
				"data" : 				{
					"hoaspace" : [ 1.0, 1.0, 1.0, 1.0, 1.0, 1.0, 1.0, 1.0, 1.0, 1.0, 1.0, 1.0, 1.0, 1.0, 1.0, 1.0 ]
				}

			}

		}

	}

}
