{
	"pattrstorage" : 	{
		"name" : "testRecomposer",
		"slots" : 		{
			"1" : 			{
				"id" : 1,
				"data" : 				{
					"hoa.2d.recomposer" : [ 0.0, 1.0, 1.0, -0.382683, 0.92388, 1.0, -0.707107, 0.707107, 1.0, -0.92388, 0.382683, 1.0, -1.0, 0.0, 1.0, -0.92388, -0.382683, 1.0, -0.707107, -0.707107, 1.0, -0.382683, -0.92388, 1.0, -0.0, -1.0, 1.0, 0.382683, -0.92388, 1.0, 0.707107, -0.707107, 1.0, 0.92388, -0.382683, 1.0, 1.0, -0.0, 1.0, 0.92388, 0.382683, 1.0, 0.707107, 0.707107, 1.0, 0.382683, 0.92388, 1.0 ]
				}

			}
,
			"2" : 			{
				"id" : 2,
				"data" : 				{
					"hoa.2d.recomposer" : [ -0.707107, 0.707107, 1.0, -0.923879, 0.382684, 1.0, -1.0, 0.0, 1.0, -0.923879, -0.382684, 1.0, -0.707107, -0.707107, 1.0, -0.382684, -0.923879, 1.0, 0.0, -1.0, 1.0, 0.382684, -0.923879, 1.0, 0.707107, -0.707107, 1.0, 0.923879, -0.382684, 1.0, 1.0, -0.0, 1.0, 0.923879, 0.382684, 1.0, 0.707107, 0.707107, 1.0, 0.382684, 0.923879, 1.0, 0.0, 1.0, 1.0, -0.382684, 0.923879, 1.0 ]
				}

			}
,
			"3" : 			{
				"id" : 3,
				"data" : 				{
					"hoa.2d.recomposer" : [ -0.707107, -0.707107, 1.0, -0.382684, -0.923879, 1.0, -0.0, -1.0, 1.0, 0.382684, -0.923879, 1.0, 0.707107, -0.707107, 1.0, 0.923879, -0.382684, 1.0, 1.0, -0.0, 1.0, 0.923879, 0.382684, 1.0, 0.707107, 0.707107, 1.0, 0.382684, 0.923879, 1.0, 0.0, 1.0, 1.0, -0.382684, 0.923879, 1.0, -0.707107, 0.707107, 1.0, -0.923879, 0.382684, 1.0, -1.0, 0.0, 1.0, -0.923879, -0.382684, 1.0 ]
				}

			}
,
			"4" : 			{
				"id" : 4,
				"data" : 				{
					"hoa.2d.recomposer" : [ 0.385239, -0.922817, 0.606054, 0.709061, -0.705147, 0.606054, 0.924935, -0.380125, 0.606054, 0.999996, 0.002769, 0.606054, 0.922817, 0.385239, 0.606054, 0.705147, 0.709061, 0.606054, 0.380125, 0.924935, 0.606054, -0.002769, 0.999996, 0.606054, -0.385239, 0.922817, 0.606054, -0.709061, 0.705147, 0.606054, -0.924935, 0.380125, 0.606054, -0.999996, -0.002769, 0.606054, -0.922817, -0.385239, 0.606054, -0.705147, -0.709061, 0.606054, -0.380125, -0.924935, 0.606054, 0.002769, -0.999996, 0.606054 ]
				}

			}
,
			"5" : 			{
				"id" : 5,
				"data" : 				{
					"hoa.2d.recomposer" : [ 1.0, -0.0, 0.078287, 0.92388, 0.382683, 0.078287, 0.707107, 0.707107, 0.078287, 0.382683, 0.92388, 0.078287, 0.0, 1.0, 0.078287, -0.382683, 0.92388, 0.078287, -0.707107, 0.707107, 0.078287, -0.92388, 0.382683, 0.078287, -1.0, 0.0, 0.078287, -0.92388, -0.382683, 0.078287, -0.707107, -0.707107, 0.078287, -0.382683, -0.92388, 0.078287, -0.0, -1.0, 0.078287, 0.382683, -0.92388, 0.078287, 0.707107, -0.707107, 0.078287, 0.92388, -0.382683, 0.078287 ]
				}

			}
,
			"6" : 			{
				"id" : 6,
				"data" : 				{
					"hoa.2d.recomposer" : [ 0.0, 1.0, 1.0, -0.382683, 0.92388, 1.0, -0.707107, 0.707107, 1.0, -0.92388, 0.382683, 1.0, -1.0, 0.0, 1.0, -0.92388, -0.382683, 1.0, -0.707107, -0.707107, 1.0, -0.382683, -0.92388, 1.0, -0.0, -1.0, 1.0, 0.382683, -0.92388, 1.0, 0.707107, -0.707107, 1.0, 0.92388, -0.382683, 1.0, 1.0, -0.0, 1.0, 0.92388, 0.382683, 1.0, 0.707107, 0.707107, 1.0, 0.382683, 0.92388, 1.0 ]
				}

			}
,
			"7" : 			{
				"id" : 7,
				"data" : 				{
					"hoa.2d.recomposer" : [ 0.0, 1.0, 1.0, 0.589471, 0.807789, 1.0, 0.551081, 0.834452, 1.0, 0.511486, 0.859292, 1.0, 0.437312, -0.89931, 1.0, 0.478857, -0.877893, 1.0, 0.519357, -0.854557, 1.0, 0.558722, -0.829355, 1.0, -0.0, -1.0, 1.0, 0.909615, -0.415452, 1.0, 0.957954, -0.286923, 1.0, 0.988229, -0.152984, 1.0, 0.999869, -0.016161, 1.0, 0.992656, 0.120968, 1.0, 0.966726, 0.255815, 1.0, 0.922566, 0.385839, 1.0 ]
				}

			}
,
			"8" : 			{
				"id" : 8,
				"data" : 				{
					"hoa.2d.recomposer" : [ 0.0, 1.0, 1.0, -0.914868, 0.403754, 0.174258, -0.918366, 0.395733, 0.174258, -0.921793, 0.387681, 0.174258, -0.930427, -0.366476, 0.174258, -0.927185, -0.374604, 0.174258, -0.923871, -0.382703, 0.174258, -0.920487, -0.390773, 0.174258, -0.0, -1.0, 1.0, 0.909615, -0.415452, 1.0, 0.957954, -0.286923, 1.0, 0.988229, -0.152984, 1.0, 0.999869, -0.016161, 1.0, 0.992656, 0.120968, 1.0, 0.966726, 0.255815, 1.0, 0.922566, 0.385839, 1.0 ]
				}

			}
,
			"9" : 			{
				"id" : 9,
				"data" : 				{
					"hoa.2d.recomposer" : [ -0.999987, -0.005144, 1.0, -0.399042, -0.916932, 0.174258, -0.391004, -0.920389, 0.174258, -0.382935, -0.923775, 0.174258, 0.371257, -0.92853, 0.174258, 0.379368, -0.925246, 0.174258, 0.38745, -0.921891, 0.174258, 0.395502, -0.918465, 0.174258, 0.999987, 0.005144, 1.0, 0.410768, 0.91174, 1.0, 0.281992, 0.959417, 1.0, 0.147899, 0.989003, 1.0, 0.011017, 0.999939, 1.0, -0.126072, 0.992021, 1.0, -0.260785, 0.965397, 1.0, -0.39058, 0.920569, 1.0 ]
				}

			}
,
			"10" : 			{
				"id" : 10,
				"data" : 				{
					"hoa.2d.recomposer" : [ -0.999987, -0.005144, 1.0, -0.92388, -0.382683, 1.0, -0.707107, -0.707107, 1.0, -0.382683, -0.92388, 1.0, -0.0, -1.0, 1.0, 0.382683, -0.92388, 1.0, 0.707107, -0.707107, 1.0, 0.92388, -0.382683, 1.0, 0.999987, 0.005144, 1.0, 0.410768, 0.91174, 1.0, 0.281992, 0.959417, 1.0, 0.147899, 0.989003, 1.0, 0.011017, 0.999939, 1.0, -0.126072, 0.992021, 1.0, -0.260785, 0.965397, 1.0, -0.39058, 0.920569, 1.0 ]
				}

			}
,
			"11" : 			{
				"id" : 11,
				"data" : 				{
					"hoa.2d.recomposer" : [ -1.0, 0.0, 1.0, -0.92388, -0.382683, 1.0, -0.707107, -0.707107, 1.0, -0.382683, -0.92388, 1.0, -0.0, -1.0, 1.0, 0.382683, -0.92388, 1.0, 0.707107, -0.707107, 1.0, 0.92388, -0.382683, 1.0, 1.0, 0.0, 1.0, 0.92388, 0.382683, 1.0, 0.707107, 0.707107, 1.0, 0.382683, 0.92388, 1.0, -0.0, 1.0, 1.0, -0.382683, 0.92388, 1.0, -0.707107, 0.707107, 1.0, -0.92388, 0.382683, 1.0 ]
				}

			}
,
			"12" : 			{
				"id" : 12,
				"data" : 				{
					"hoa.2d.recomposer" : [ -0.897087, -0.441853, 1.0, -0.701649, -0.712522, 1.0, -0.428007, -0.903775, 1.0, -0.106661, -0.994295, 1.0, 0.226574, -0.973994, 1.0, 0.534556, -0.845133, 1.0, 0.782957, -0.622076, 1.0, 0.944092, -0.329683, 1.0, 1.0, -0.000545, 1.0, 0.94445, 0.328654, 1.0, 0.783635, 0.621222, 1.0, 0.535477, 0.84455, 1.0, 0.227636, 0.973746, 1.0, -0.105576, 0.994411, 1.0, -0.427022, 0.904241, 1.0, -0.700872, 0.713287, 1.0 ]
				}

			}
,
			"13" : 			{
				"id" : 13,
				"data" : 				{
					"hoa.2d.recomposer" : [ -0.2894, -0.957208, 1.0, -0.060699, -0.998156, 1.0, 0.171278, -0.985223, 1.0, 0.39401, -0.919106, 1.0, 0.595473, -0.803375, 1.0, 0.764791, -0.644278, 1.0, 0.892826, -0.450402, 1.0, 0.972665, -0.232213, 1.0, 0.999999, -0.001488, 1.0, 0.973352, 0.229316, 1.0, 0.894163, 0.447742, 1.0, 0.766706, 0.641998, 1.0, 0.597862, 0.801599, 1.0, 0.396744, 0.917929, 1.0, 0.17421, 0.984708, 1.0, -0.057727, 0.998332, 1.0 ]
				}

			}
,
			"14" : 			{
				"id" : 14,
				"data" : 				{
					"hoa.2d.recomposer" : [ 0.725833, -0.687871, 1.0, 0.786855, -0.617138, 1.0, 0.841011, -0.541019, 1.0, 0.887827, -0.460178, 1.0, 0.926895, -0.375322, 1.0, 0.957874, -0.28719, 1.0, 0.980493, -0.196552, 1.0, 0.994556, -0.104199, 1.0, 0.99994, -0.010936, 1.0, 0.996598, 0.082422, 1.0, 0.984558, 0.175061, 1.0, 0.963926, 0.266172, 1.0, 0.934881, 0.35496, 1.0, 0.897679, 0.440651, 1.0, 0.852642, 0.522496, 1.0, 0.800164, 0.599781, 1.0 ]
				}

			}
,
			"15" : 			{
				"id" : 15,
				"data" : 				{
					"hoa.2d.recomposer" : [ 0.003411, 0.999994, 1.0, 0.003183, 0.999995, 1.0, 0.002956, 0.999996, 1.0, 0.002729, 0.999996, 1.0, 0.002501, 0.999997, 1.0, 0.002274, 0.999997, 1.0, 0.002046, 0.999998, 1.0, 0.001819, 0.999998, 1.0, 0.001592, 0.999999, 1.0, 0.001364, 0.999999, 1.0, 0.001137, 0.999999, 1.0, 0.00091, 1.0, 1.0, 0.000682, 1.0, 1.0, 0.000455, 1.0, 1.0, 0.000227, 1.0, 1.0, 0.0, 1.0, 1.0 ]
				}

			}
,
			"16" : 			{
				"id" : 16,
				"data" : 				{
					"hoa.2d.recomposer" : [ -0.001202, 0.999999, 1.0, -0.19537, 0.98073, 1.0, -0.382101, 0.924121, 1.0, -0.554283, 0.832328, 1.0, -0.705363, 0.708847, 1.0, -0.829587, 0.558377, 1.0, -0.922227, 0.386649, 1.0, -0.979755, 0.2002, 1.0, -0.999981, 0.006129, 1.0, 0.979271, 0.202554, 1.0, 0.921295, 0.388864, 1.0, 0.828243, 0.560369, 1.0, 0.703657, 0.71054, 1.0, 0.552281, 0.833658, 1.0, 0.379878, 0.925036, 1.0, 0.193013, 0.981196, 1.0 ]
				}

			}
,